Navn;Stasjon;Tid(norsk normaltid);Middeltemperatur (mnd);Minimumstemperatur (mnd);Maksimumstemperatur (mnd);Antall dager med nedbør
Bergen - Florida;SN50540;01.1980;0,9;-6,3;6,4;-
Trondheim - Tyholt;SN68170;01.1980;-5,3;-17,7;7;8
Oslo - Blindern;SN18700;01.1980;-6,6;-20,6;1,9;5
Bergen - Florida;SN50540;02.1980;1,1;-8,7;10,9;-
Trondheim - Tyholt;SN68170;02.1980;-3,2;-19,4;7,4;10
Oslo - Blindern;SN18700;02.1980;-7,5;-22,4;4,4;5
Bergen - Florida;SN50540;03.1980;2,1;-4,6;8,4;-
Trondheim - Tyholt;SN68170;03.1980;-0,7;-10,4;6;5
Oslo - Blindern;SN18700;03.1980;-2,2;-16;7,7;5
Bergen - Florida;SN50540;04.1980;6,4;-3,4;16,6;-
Trondheim - Tyholt;SN68170;04.1980;4;-3,3;15;12
Oslo - Blindern;SN18700;04.1980;5,4;-3,7;17,3;2
Bergen - Florida;SN50540;05.1980;10,8;1,5;23,6;-
Trondheim - Tyholt;SN68170;05.1980;8,1;0,4;21,7;10
Oslo - Blindern;SN18700;05.1980;11,9;1,8;25,7;7
Bergen - Florida;SN50540;06.1980;14,9;8,3;24,7;-
Trondheim - Tyholt;SN68170;06.1980;14,7;4,7;27,1;8
Oslo - Blindern;SN18700;06.1980;15,9;6,4;29,8;16
Bergen - Florida;SN50540;07.1980;16,6;7,7;28,3;-
Trondheim - Tyholt;SN68170;07.1980;15,7;8,3;28,4;7
Oslo - Blindern;SN18700;07.1980;17,2;9;26,4;13
Bergen - Florida;SN50540;08.1980;14,8;6,8;25,4;-
Trondheim - Tyholt;SN68170;08.1980;14,2;5,9;27,6;8
Oslo - Blindern;SN18700;08.1980;15,2;7,9;25,2;15
Bergen - Florida;SN50540;09.1980;12,8;6,7;19,7;-
Trondheim - Tyholt;SN68170;09.1980;10,3;2,5;16,5;18
Oslo - Blindern;SN18700;09.1980;12;3,2;20,3;10
Bergen - Florida;SN50540;10.1980;6,7;-1,5;12,4;-
Trondheim - Tyholt;SN68170;10.1980;3,2;-8,4;13;16
Oslo - Blindern;SN18700;10.1980;4,7;-7,4;14,6;12
Bergen - Florida;SN50540;11.1980;3,4;-4,7;10,4;-
Trondheim - Tyholt;SN68170;11.1980;-2,1;-17;7,4;12
Oslo - Blindern;SN18700;11.1980;-1,7;-13,4;8,5;7
Bergen - Florida;SN50540;12.1980;3,5;-5,9;9,3;-
Trondheim - Tyholt;SN68170;12.1980;-3,1;-18,5;5,5;17
Oslo - Blindern;SN18700;12.1980;-1,2;-13,4;8,4;8
Bergen - Florida;SN50540;01.1981;0,9;-7,3;8,5;-
Trondheim - Tyholt;SN68170;01.1981;-3,3;-19;8;22
Oslo - Blindern;SN18700;01.1981;-3,9;-17,3;7,3;4
Bergen - Florida;SN50540;02.1981;1,3;-5,3;8;-
Trondheim - Tyholt;SN68170;02.1981;-3,3;-13,8;7,8;10
Oslo - Blindern;SN18700;02.1981;-4;-16,7;9,5;5
Bergen - Florida;SN50540;03.1981;3;-4,4;12,3;-
Trondheim - Tyholt;SN68170;03.1981;-1,8;-16,4;9,4;8
Oslo - Blindern;SN18700;03.1981;-2;-13,8;13,5;12
Bergen - Florida;SN50540;04.1981;5;-1,2;15;-
Trondheim - Tyholt;SN68170;04.1981;2,4;-4,8;12,5;17
Oslo - Blindern;SN18700;04.1981;4,6;-4,3;17,2;2
Bergen - Florida;SN50540;05.1981;12,6;0,8;24,4;-
Trondheim - Tyholt;SN68170;05.1981;11,3;-3;25,4;3
Oslo - Blindern;SN18700;05.1981;12;-2,6;24,3;8
Bergen - Florida;SN50540;06.1981;11,5;5,4;20,3;-
Trondheim - Tyholt;SN68170;06.1981;9,9;3,4;18;11
Oslo - Blindern;SN18700;06.1981;12,6;2,9;22,4;14
Bergen - Florida;SN50540;07.1981;13,7;9;23,6;-
Oslo - Blindern;SN18700;07.1981;16,1;7,7;25,8;12
Bergen - Florida;SN50540;08.1981;13,3;7,6;21,4;-
Oslo - Blindern;SN18700;08.1981;15,4;5,6;25,9;2
Bergen - Florida;SN50540;09.1981;13,5;8,2;23,3;-
Oslo - Blindern;SN18700;09.1981;12,4;4,7;21,2;8
Bergen - Florida;SN50540;10.1981;7,7;0,7;21;-
Oslo - Blindern;SN18700;10.1981;5,1;-3,3;13,7;12
Bergen - Florida;SN50540;11.1981;4,9;-0,4;10,8;-
Oslo - Blindern;SN18700;11.1981;0,6;-5,9;9,9;13
Bergen - Florida;SN50540;12.1981;-2,7;-9,2;9,1;-
Oslo - Blindern;SN18700;12.1981;-8,9;-20,8;7,8;8
Bergen - Florida;SN50540;01.1982;0,1;-12,7;10,3;-
Oslo - Blindern;SN18700;01.1982;-8,1;-23,2;4,2;8
Bergen - Florida;SN50540;02.1982;3,5;-4;9,2;-
Oslo - Blindern;SN18700;02.1982;-3,6;-13;3,7;8
Bergen - Florida;SN50540;03.1982;4,6;0,3;9,4;-
Oslo - Blindern;SN18700;03.1982;1,7;-8,2;13,7;18
Bergen - Florida;SN50540;04.1982;5,4;0,1;15,1;-
Oslo - Blindern;SN18700;04.1982;5,1;-2,1;16,5;4
Bergen - Florida;SN50540;05.1982;9,7;1,4;20,3;-
Oslo - Blindern;SN18700;05.1982;9,8;1,2;24,2;12
Bergen - Florida;SN50540;06.1982;14,3;6,5;28;-
Oslo - Blindern;SN18700;06.1982;13,8;6,1;28,8;6
Bergen - Florida;SN50540;07.1982;15,1;9,4;27,6;-
Oslo - Blindern;SN18700;07.1982;18,1;7,7;30,1;4
Bergen - Florida;SN50540;08.1982;14,9;7,4;28,3;-
Oslo - Blindern;SN18700;08.1982;16,4;4,8;34,2;10
Bergen - Florida;SN50540;09.1982;11,3;3,8;18,6;-
Oslo - Blindern;SN18700;09.1982;12,1;1,6;21,4;13
Bergen - Florida;SN50540;10.1982;10,3;2,1;18,8;-
Oslo - Blindern;SN18700;10.1982;6,2;-0,6;12,6;12
Bergen - Florida;SN50540;11.1982;6,2;0,4;14,2;-
Oslo - Blindern;SN18700;11.1982;2,5;-4,2;11,2;15
Bergen - Florida;SN50540;12.1982;3,7;-4;8,8;-
Oslo - Blindern;SN18700;12.1982;-1,8;-13,6;4,8;9
Bergen - Florida;SN50540;01.1983;4,1;-2,1;9,6;29
Oslo - Blindern;SN18700;01.1983;0,7;-10,1;9,4;7
Bergen - Florida;SN50540;02.1983;1,1;-6,5;8,8;8
Oslo - Blindern;SN18700;02.1983;-4;-13,8;3,3;3
Bergen - Florida;SN50540;03.1983;4,1;-3;9;18
Oslo - Blindern;SN18700;03.1983;1,5;-6,2;10,4;7
Bergen - Florida;SN50540;04.1983;6,4;-1,3;15,6;10
Oslo - Blindern;SN18700;04.1983;5,4;-1,3;16,2;10
Bergen - Florida;SN50540;05.1983;10,1;3,2;20,2;19
Oslo - Blindern;SN18700;05.1983;10,5;3;19,4;16
Bergen - Florida;SN50540;06.1983;12,6;6,4;25,4;11
Oslo - Blindern;SN18700;06.1983;14,2;5,5;27,9;7
Bergen - Florida;SN50540;07.1983;14,8;7,2;26,3;14
Oslo - Blindern;SN18700;07.1983;17,9;6,1;29,4;7
Bergen - Florida;SN50540;08.1983;13,6;7,5;26,6;17
Oslo - Blindern;SN18700;08.1983;16,7;7,2;27,5;4
Bergen - Florida;SN50540;09.1983;11,7;2,8;24;20
Oslo - Blindern;SN18700;09.1983;11,6;-0,4;21,8;16
Bergen - Florida;SN50540;10.1983;8,3;1,2;14,5;29
Oslo - Blindern;SN18700;10.1983;7,2;-3,4;18,1;12
Bergen - Florida;SN50540;11.1983;5;-3,8;11,4;21
Oslo - Blindern;SN18700;11.1983;1,3;-9,8;14,4;5
Bergen - Florida;SN50540;12.1983;3,5;-5,1;9,7;21
Oslo - Blindern;SN18700;12.1983;-1;-12;6,1;9
Bergen - Florida;SN50540;01.1984;0,1;-11,6;9,3;16
Oslo - Blindern;SN18700;01.1984;-4,8;-18,2;6,8;13
Bergen - Florida;SN50540;02.1984;1,9;-5,4;7,8;11
Oslo - Blindern;SN18700;02.1984;-2,7;-10,5;5,6;5
Bergen - Florida;SN50540;03.1984;2,2;-4,6;9;6
Oslo - Blindern;SN18700;03.1984;-1,2;-10,6;9,1;5
Bergen - Florida;SN50540;04.1984;6,5;-0,5;16,8;14
Oslo - Blindern;SN18700;04.1984;5,8;-2,6;21,8;7
Bergen - Florida;SN50540;05.1984;11,7;1,2;24,4;11
Oslo - Blindern;SN18700;05.1984;12,4;1,4;24,8;9
Bergen - Florida;SN50540;06.1984;13,8;5,5;27,9;11
Oslo - Blindern;SN18700;06.1984;14,5;5,9;25,2;15
Bergen - Florida;SN50540;07.1984;14;6,9;26;10
Oslo - Blindern;SN18700;07.1984;16,1;7,3;25,3;9
Bergen - Florida;SN50540;08.1984;14,5;8,1;23,7;9
Oslo - Blindern;SN18700;08.1984;16,2;7,4;25,7;11
Bergen - Florida;SN50540;09.1984;11,3;3,8;18,6;10
Oslo - Blindern;SN18700;09.1984;10,1;2,8;18,2;12
Bergen - Florida;SN50540;10.1984;9,3;3;16,1;28
Oslo - Blindern;SN18700;10.1984;8,1;-0,2;14,4;16
Bergen - Florida;SN50540;11.1984;7,3;-1,5;16,9;15
Oslo - Blindern;SN18700;11.1984;2,9;-5,4;11,1;9
Bergen - Florida;SN50540;12.1984;4,8;-4,9;14;13
Oslo - Blindern;SN18700;12.1984;0,6;-8,3;7,7;12
Bergen - Florida;SN50540;01.1985;-1,3;-11;5,7;17
Oslo - Blindern;SN18700;01.1985;-8,6;-19,4;-0,6;8
Bergen - Florida;SN50540;02.1985;0,4;-8,1;8,1;13
Oslo - Blindern;SN18700;02.1985;-9,1;-24,9;3,6;8
Bergen - Florida;SN50540;03.1985;3,2;-4,7;10;14
Oslo - Blindern;SN18700;03.1985;-0,6;-8,9;7,5;13
Bergen - Florida;SN50540;04.1985;5,4;-3,9;14,1;13
Oslo - Blindern;SN18700;04.1985;2,8;-7,9;12,4;12
Bergen - Florida;SN50540;05.1985;11,5;0,3;22,8;10
Oslo - Blindern;SN18700;05.1985;11,6;2;23,4;7
Bergen - Florida;SN50540;06.1985;12,7;6,3;22;7
Oslo - Blindern;SN18700;06.1985;14;5,7;24,7;16
Bergen - Florida;SN50540;07.1985;14,8;8,5;26,2;17
Oslo - Blindern;SN18700;07.1985;16,1;7,1;26,3;15
Bergen - Florida;SN50540;08.1985;14,1;8,1;22,8;24
Oslo - Blindern;SN18700;08.1985;14,7;6;24,9;16
Bergen - Florida;SN50540;09.1985;10,1;1,7;17,2;17
Oslo - Blindern;SN18700;09.1985;9,1;-0,5;18,4;9
Bergen - Florida;SN50540;10.1985;9,7;1,7;17,2;24
Oslo - Blindern;SN18700;10.1985;7,6;-2,5;18,1;7
Bergen - Florida;SN50540;11.1985;1,4;-8,9;10,8;12
Oslo - Blindern;SN18700;11.1985;-1,1;-11,7;8,2;6
Bergen - Florida;SN50540;12.1985;1,5;-9,3;9,9;21
Oslo - Blindern;SN18700;12.1985;-6,7;-19,7;6,7;12
Bergen - Florida;SN50540;01.1986;-1,5;-11,7;5,2;11
Oslo - Blindern;SN18700;01.1986;-6,7;-21,4;1,8;14
Bergen - Florida;SN50540;02.1986;-2,2;-8,6;4,6;1
Oslo - Blindern;SN18700;02.1986;-7,4;-21,8;3,5;0
Bergen - Florida;SN50540;03.1986;4,1;-1,1;11,7;20
Oslo - Blindern;SN18700;03.1986;0,4;-11,8;8,1;11
Bergen - Florida;SN50540;04.1986;5,1;-2,5;13,9;4
Oslo - Blindern;SN18700;04.1986;2,7;-6,7;14,9;7
Bergen - Florida;SN50540;05.1986;10,5;5,3;23,7;17
Oslo - Blindern;SN18700;05.1986;10,8;3,1;23,1;10
Bergen - Florida;SN50540;06.1986;14,5;7,2;26,2;14
Oslo - Blindern;SN18700;06.1986;16,4;7,2;30,3;6
Bergen - Florida;SN50540;07.1986;13,6;7,8;24,7;17
Oslo - Blindern;SN18700;07.1986;16,5;8,2;30,4;6
Bergen - Florida;SN50540;08.1986;13,5;5,3;21,5;14
Oslo - Blindern;SN18700;08.1986;13,1;5,4;21,6;14
Bergen - Florida;SN50540;09.1986;8,8;2,2;14,9;24
Oslo - Blindern;SN18700;09.1986;8,8;-0,9;18,8;9
Bergen - Florida;SN50540;10.1986;8,7;1,2;13;26
Oslo - Blindern;SN18700;10.1986;6,8;-1,1;16,2;11
Bergen - Florida;SN50540;11.1986;6,7;1,4;14,5;24
Oslo - Blindern;SN18700;11.1986;4,2;-2,7;10,9;16
Bergen - Florida;SN50540;12.1986;2,9;-10,5;11,1;25
Oslo - Blindern;SN18700;12.1986;-1,7;-15,9;8,8;17
Bergen - Florida;SN50540;01.1987;-3;-16,3;5,4;13
Oslo - Blindern;SN18700;01.1987;-10,5;-23,2;6,3;6
Bergen - Florida;SN50540;02.1987;1,3;-7,5;6,7;16
Oslo - Blindern;SN18700;02.1987;-4,3;-15;6,7;5
Bergen - Florida;SN50540;03.1987;1,3;-6,2;7,4;11
Oslo - Blindern;SN18700;03.1987;-4;-20,2;9,3;11
Bergen - Florida;SN50540;04.1987;7,5;-0,9;18;12
Oslo - Blindern;SN18700;04.1987;5,3;-2,7;21,4;5
Bergen - Florida;SN50540;05.1987;9;1,8;21,7;12
Oslo - Blindern;SN18700;05.1987;9,2;1,6;26,2;9
Bergen - Florida;SN50540;06.1987;11,4;5,4;18,5;13
Oslo - Blindern;SN18700;06.1987;12,1;6,5;25;19
Bergen - Florida;SN50540;07.1987;15;6,9;27,1;11
Oslo - Blindern;SN18700;07.1987;16,4;6,9;29,9;11
Bergen - Florida;SN50540;08.1987;13,6;5,9;21,4;18
Oslo - Blindern;SN18700;08.1987;13,1;3,7;23,1;12
Bergen - Florida;SN50540;09.1987;10,8;2,1;19,7;21
Oslo - Blindern;SN18700;09.1987;9,8;1,1;19,6;14
Bergen - Florida;SN50540;10.1987;10,4;3,7;18,6;18
Oslo - Blindern;SN18700;10.1987;7,7;0;14,3;14
Bergen - Florida;SN50540;11.1987;5;-3,8;9,9;19
Oslo - Blindern;SN18700;11.1987;0,5;-9,9;7;13
Bergen - Florida;SN50540;12.1987;3,9;-6,3;10,2;20
Oslo - Blindern;SN18700;12.1987;-2,6;-14,1;8,4;6
Bergen - Florida;SN50540;01.1988;3,9;-2,5;9,2;18
Oslo - Blindern;SN18700;01.1988;0,6;-8,2;5,8;24
Bergen - Florida;SN50540;02.1988;3,2;-5,8;11,9;17
Oslo - Blindern;SN18700;02.1988;-1,3;-12,5;3,9;18
Bergen - Florida;SN50540;03.1988;2,2;-7,4;9,6;13
Oslo - Blindern;SN18700;03.1988;-1,3;-12;6,4;13
Bergen - Florida;SN50540;04.1988;4,5;-2,7;14,6;16
Oslo - Blindern;SN18700;04.1988;3,4;-5,2;14,7;4
Bergen - Florida;SN50540;05.1988;11,8;3,7;24,2;14
Oslo - Blindern;SN18700;05.1988;12,1;1,2;27,7;5
Bergen - Florida;SN50540;06.1988;14,2;7,6;23,7;4
Oslo - Blindern;SN18700;06.1988;18,6;8,8;32,2;7
Bergen - Florida;SN50540;07.1988;15,4;10,2;25,1;19
Oslo - Blindern;SN18700;07.1988;16,2;9,5;25,5;20
Bergen - Florida;SN50540;08.1988;14,4;7,5;24,9;16
Oslo - Blindern;SN18700;08.1988;15;7;25,3;20
Bergen - Florida;SN50540;09.1988;12,2;7,1;19,7;23
Oslo - Blindern;SN18700;09.1988;12,2;2,4;19,8;14
Bergen - Florida;SN50540;10.1988;8,2;-1,2;15,3;19
Oslo - Blindern;SN18700;10.1988;5,1;-7;12,7;9
Bergen - Florida;SN50540;11.1988;4,5;-4,8;12,2;19
Oslo - Blindern;SN18700;11.1988;-1,1;-12,5;10,1;4
Bergen - Florida;SN50540;12.1988;3,6;-7,1;10,5;24
Oslo - Blindern;SN18700;12.1988;-2,7;-17,2;9,4;6
Bergen - Florida;SN50540;01.1989;5,9;1;9,6;30
Oslo - Blindern;SN18700;01.1989;2,4;-5,7;10,8;1
Bergen - Florida;SN50540;02.1989;4,6;-2,9;11,6;24
Oslo - Blindern;SN18700;02.1989;2,7;-4,9;11,9;8
Bergen - Florida;SN50540;03.1989;5;-0,9;12,5;24
Oslo - Blindern;SN18700;03.1989;3,6;-4,5;11,9;14
Bergen - Florida;SN50540;04.1989;6,7;-2,2;21;12
Oslo - Blindern;SN18700;04.1989;5,2;-3,6;20,8;16
Bergen - Florida;SN50540;05.1989;9,3;2,4;21,4;21
Oslo - Blindern;SN18700;05.1989;10,9;1,9;23,4;6
Bergen - Florida;SN50540;06.1989;13,2;2,9;24;13
Oslo - Blindern;SN18700;06.1989;15,2;3,5;28,9;8
Bergen - Florida;SN50540;07.1989;14,3;5,6;25,9;13
Oslo - Blindern;SN18700;07.1989;17;5,1;30,3;6
Bergen - Florida;SN50540;08.1989;12,9;5,8;20,3;20
Oslo - Blindern;SN18700;08.1989;14,3;5,5;23,4;16
Bergen - Florida;SN50540;09.1989;11,9;4,5;20,7;24
Oslo - Blindern;SN18700;09.1989;11,8;3;23,2;6
Bergen - Florida;SN50540;10.1989;8,7;0,8;17,4;22
Oslo - Blindern;SN18700;10.1989;6,5;-2,2;15,2;14
Bergen - Florida;SN50540;11.1989;5,7;-5,5;14,2;17
Oslo - Blindern;SN18700;11.1989;2,6;-8,1;11,3;11
Bergen - Florida;SN50540;12.1989;2,9;-8,3;10,3;22
Oslo - Blindern;SN18700;12.1989;-2,7;-17,5;9;4
Bergen - Florida;SN50540;01.1990;4,9;-5,3;10,2;24
Oslo - Blindern;SN18700;01.1990;0,8;-11,9;7,7;12
Bergen - Florida;SN50540;02.1990;5,4;0,2;10,6;26
Oslo - Blindern;SN18700;02.1990;3,5;-4,6;11,4;16
Bergen - Florida;SN50540;03.1990;5,2;-1,4;14,3;29
Oslo - Blindern;SN18700;03.1990;4,6;-6,3;17;5
Bergen - Florida;SN50540;04.1990;6,4;-0,8;16,8;22
Oslo - Blindern;SN18700;04.1990;6,5;-5;19,5;10
Bergen - Florida;SN50540;05.1990;11,4;2,5;23,5;5
Oslo - Blindern;SN18700;05.1990;12,3;2,3;26,2;2
Bergen - Florida;SN50540;06.1990;14,3;7,5;22,6;14
Oslo - Blindern;SN18700;06.1990;15,1;8;27;13
Bergen - Florida;SN50540;07.1990;14,7;7,7;26,4;15
Oslo - Blindern;SN18700;07.1990;16,6;7;29,2;10
Bergen - Florida;SN50540;08.1990;14,7;7,5;24,8;19
Oslo - Blindern;SN18700;08.1990;16;6;26;14
Bergen - Florida;SN50540;09.1990;10,7;1,9;18,3;18
Oslo - Blindern;SN18700;09.1990;10,3;-2;19,6;6
Bergen - Florida;SN50540;10.1990;9,4;-0,2;20,9;12
Oslo - Blindern;SN18700;10.1990;6,3;-5,5;15,7;11
Bergen - Florida;SN50540;11.1990;5,4;-1;11,4;11
Oslo - Blindern;SN18700;11.1990;0,2;-11,1;9,5;7
Bergen - Florida;SN50540;12.1990;3,9;-1,8;9,7;22
Oslo - Blindern;SN18700;12.1990;-1;-11,4;9,9;14
Bergen - Florida;SN50540;01.1991;3,2;-4,6;8,4;18
Oslo - Blindern;SN18700;01.1991;-2,8;-16,5;4,4;10
Bergen - Florida;SN50540;02.1991;0,3;-9,8;8,4;10
Oslo - Blindern;SN18700;02.1991;-4;-15,5;8,5;5
Bergen - Florida;SN50540;03.1991;5,4;-3,7;14,3;18
Oslo - Blindern;SN18700;03.1991;1,8;-6,3;13,7;10
Bergen - Florida;SN50540;04.1991;6,9;-2,3;16,1;15
Oslo - Blindern;SN18700;04.1991;5,5;-4,5;14,4;5
Bergen - Florida;SN50540;05.1991;8,9;2,4;20,3;11
Oslo - Blindern;SN18700;05.1991;10,6;0,8;24,2;1
Bergen - Florida;SN50540;06.1991;10,8;2,7;19,5;18
Oslo - Blindern;SN18700;06.1991;11,6;3,5;20,6;16
Bergen - Florida;SN50540;07.1991;17;7;29,5;7
Oslo - Blindern;SN18700;07.1991;18,2;10;31,3;9
Bergen - Florida;SN50540;08.1991;15,3;9,2;27,6;18
Oslo - Blindern;SN18700;08.1991;16,7;7,4;26,7;9
Bergen - Florida;SN50540;09.1991;11,2;1,9;20,4;18
Oslo - Blindern;SN18700;09.1991;11,6;0,1;26,4;10
Bergen - Florida;SN50540;10.1991;8,1;0,3;17,4;12
Oslo - Blindern;SN18700;10.1991;6,5;-3,1;13,8;6
Bergen - Florida;SN50540;11.1991;5,6;-4,9;12,2;19
Oslo - Blindern;SN18700;11.1991;2,4;-9,2;9,3;15
Bergen - Florida;SN50540;12.1991;4,6;-2,3;10,2;21
Oslo - Blindern;SN18700;12.1991;0,1;-7,9;12,6;6
Bergen - Florida;SN50540;01.1992;4,6;-1,2;10,1;21
Oslo - Blindern;SN18700;01.1992;-0,5;-10,4;9,1;2
Bergen - Florida;SN50540;02.1992;4,2;-5,8;10,3;24
Oslo - Blindern;SN18700;02.1992;0,1;-10,4;9;5
Bergen - Florida;SN50540;03.1992;4;-5,6;11,2;22
Oslo - Blindern;SN18700;03.1992;2,7;-8,6;10;15
Bergen - Florida;SN50540;04.1992;5,8;-3,5;13,7;13
Oslo - Blindern;SN18700;04.1992;4,2;-4,2;16,3;12
Bergen - Florida;SN50540;05.1992;12,1;0,9;26,2;15
Oslo - Blindern;SN18700;05.1992;13,1;-0,5;27,7;3
Bergen - Florida;SN50540;06.1992;16,1;7,3;27,3;9
Oslo - Blindern;SN18700;06.1992;17,8;6,9;28,7;4
Bergen - Florida;SN50540;07.1992;14,2;7,9;22,6;16
Oslo - Blindern;SN18700;07.1992;16,4;6,7;25,8;13
Bergen - Florida;SN50540;08.1992;13,4;7,8;20,9;22
Oslo - Blindern;SN18700;08.1992;14,1;6,6;22,9;18
Bergen - Florida;SN50540;09.1992;12,4;5,3;20,4;19
Oslo - Blindern;SN18700;09.1992;11,3;2,3;19,4;12
Bergen - Florida;SN50540;10.1992;6,3;-3,5;15,9;7
Oslo - Blindern;SN18700;10.1992;3,2;-8;17,5;7
Bergen - Florida;SN50540;11.1992;4,8;-2,5;11,8;23
Oslo - Blindern;SN18700;11.1992;1,1;-4,4;8,1;13
Bergen - Florida;SN50540;12.1992;3,9;-4;10,3;20
Oslo - Blindern;SN18700;12.1992;-0,8;-11,5;7,8;6
Bergen - Florida;SN50540;01.1993;3;-8,3;9,7;25
Oslo - Blindern;SN18700;01.1993;0;-14;7,5;8
Bergen - Florida;SN50540;02.1993;3,4;-2,4;9,2;21
Oslo - Blindern;SN18700;02.1993;-0,8;-10,5;11,2;4
Bergen - Florida;SN50540;03.1993;3,7;-6,4;13,3;18
Oslo - Blindern;SN18700;03.1993;1,3;-15,2;12,4;1
Bergen - Florida;SN50540;04.1993;7,9;-1,7;22,5;10
Oslo - Blindern;SN18700;04.1993;6,4;-4,5;25,1;6
Bergen - Florida;SN50540;05.1993;12;1,9;25,5;5
Oslo - Blindern;SN18700;05.1993;13;2,2;25,5;8
Bergen - Florida;SN50540;06.1993;12;4,5;23,5;9
Oslo - Blindern;SN18700;06.1993;13,6;3,4;26;5
Bergen - Florida;SN50540;07.1993;12,5;7,1;22;17
Oslo - Blindern;SN18700;07.1993;14,7;7,6;24,6;16
Bergen - Florida;SN50540;08.1993;12,7;6,7;21,1;15
Oslo - Blindern;SN18700;08.1993;13,1;4,9;20,6;11
Bergen - Florida;SN50540;09.1993;11;1,1;20;8
Oslo - Blindern;SN18700;09.1993;9,1;-1;18,7;6
Bergen - Florida;SN50540;10.1993;7,6;-2;15,4;14
Oslo - Blindern;SN18700;10.1993;4,4;-5,8;12,6;14
Bergen - Florida;SN50540;11.1993;3,2;-3,9;9,4;9
Oslo - Blindern;SN18700;11.1993;-0,4;-11,5;5,6;11
Bergen - Florida;SN50540;12.1993;1,2;-8,8;8,4;19
Oslo - Blindern;SN18700;12.1993;-3,4;-15,1;5,7;13
Bergen - Florida;SN50540;01.1994;1,4;-5,2;7,9;20
Oslo - Blindern;SN18700;01.1994;-4,1;-14,5;5,3;9
Bergen - Florida;SN50540;02.1994;-0,9;-9,6;6,1;5
Oslo - Blindern;SN18700;02.1994;-7,7;-18,8;1;4
Bergen - Florida;SN50540;03.1994;2,8;-7;11,4;23
Oslo - Blindern;SN18700;03.1994;0,5;-11,8;11,2;8
Bergen - Florida;SN50540;04.1994;6,4;0,3;14,6;20
Oslo - Blindern;SN18700;04.1994;6,1;-3,6;18,6;12
Bergen - Florida;SN50540;05.1994;9,9;0,4;23,4;6
Oslo - Blindern;SN18700;05.1994;10,9;1,4;24,3;0
Bergen - Florida;SN50540;06.1994;10,5;3,9;19,8;24
Oslo - Blindern;SN18700;06.1994;13,6;5,4;27,1;6
Bergen - Florida;SN50540;07.1994;16,2;7,7;28,6;9
Oslo - Blindern;SN18700;07.1994;20,3;9,1;31,2;3
Bergen - Florida;SN50540;08.1994;14,9;6,4;30,1;15
Oslo - Blindern;SN18700;08.1994;16;5,1;29,4;11
Bergen - Florida;SN50540;09.1994;11,7;1,7;22,2;12
Oslo - Blindern;SN18700;09.1994;10,1;-1;20,8;8
Bergen - Florida;SN50540;10.1994;7,4;-2,2;15,3;18
Oslo - Blindern;SN18700;10.1994;5,5;-4,7;15,6;9
Bergen - Florida;SN50540;11.1994;6,9;-0,5;16,2;25
Oslo - Blindern;SN18700;11.1994;1,9;-6,7;9,4;6
Bergen - Florida;SN50540;12.1994;4,3;-2,3;11,5;24
Oslo - Blindern;SN18700;12.1994;0,1;-8,2;7,2;15
Bergen - Florida;SN50540;01.1995;2,5;-7,9;10,9;20
Oslo - Blindern;SN18700;01.1995;-2,9;-16,4;5,3;11
Bergen - Florida;SN50540;02.1995;2,5;-4,8;8,2;26
Oslo - Blindern;SN18700;02.1995;-0,3;-13,3;7,2;14
Bergen - Florida;SN50540;03.1995;3,5;-3,9;9,2;20
Oslo - Blindern;SN18700;03.1995;1,2;-7,2;11,6;7
Bergen - Florida;SN50540;04.1995;5,1;-2,1;20,7;21
Oslo - Blindern;SN18700;04.1995;3,9;-4,7;21,2;10
Bergen - Florida;SN50540;05.1995;8,8;0,2;20,7;12
Oslo - Blindern;SN18700;05.1995;9,8;-0,4;22,5;7
Bergen - Florida;SN50540;06.1995;13,5;6,3;24,1;14
Oslo - Blindern;SN18700;06.1995;15,1;7,2;29,3;12
Bergen - Florida;SN50540;07.1995;14,6;7,1;26;20
Oslo - Blindern;SN18700;07.1995;16,4;6,5;27,3;11
Bergen - Florida;SN50540;08.1995;14,9;5,9;25,6;11
Oslo - Blindern;SN18700;08.1995;17,8;5;28,3;3
Bergen - Florida;SN50540;09.1995;12,9;-0,1;22,7;11
Oslo - Blindern;SN18700;09.1995;11,1;1,6;20;13
Bergen - Florida;SN50540;10.1995;10,5;1;20,7;26
Oslo - Blindern;SN18700;10.1995;8,9;-1;15,9;10
Bergen - Florida;SN50540;11.1995;4,4;-4;10,4;16
Oslo - Blindern;SN18700;11.1995;-0,5;-7,5;8,5;6
Bergen - Florida;SN50540;12.1995;-0,8;-10;9,4;10
Oslo - Blindern;SN18700;12.1995;-6,4;-18,3;3,8;2
Bergen - Florida;SN50540;01.1996;1;-10,2;11,2;8
Oslo - Blindern;SN18700;01.1996;-5,1;-17,9;1,7;9
Bergen - Florida;SN50540;02.1996;0,2;-6,3;6,8;11
Oslo - Blindern;SN18700;02.1996;-6,2;-17,8;5,6;3
Bergen - Florida;SN50540;03.1996;2,6;-4,2;11,5;7
Oslo - Blindern;SN18700;03.1996;-0,6;-8,1;8,4;0
Bergen - Florida;SN50540;04.1996;6,8;-3,1;18,8;13
Oslo - Blindern;SN18700;04.1996;4,9;-7,3;15;5
Bergen - Florida;SN50540;05.1996;8,3;0;19,2;16
Oslo - Blindern;SN18700;05.1996;8,4;-0,1;23,9;15
Bergen - Florida;SN50540;06.1996;12,1;3,8;20,7;16
Oslo - Blindern;SN18700;06.1996;14,2;6;23,8;8
Bergen - Florida;SN50540;07.1996;12,6;7,7;22,4;19
Oslo - Blindern;SN18700;07.1996;15,9;7,7;27,6;10
Bergen - Florida;SN50540;08.1996;17,5;9,9;29,1;11
Oslo - Blindern;SN18700;08.1996;18,4;9,1;28,4;6
Bergen - Florida;SN50540;09.1996;12;5,3;20,4;6
Oslo - Blindern;SN18700;09.1996;10,4;1,7;21,5;6
Bergen - Florida;SN50540;10.1996;9,7;1,7;17,5;21
Oslo - Blindern;SN18700;10.1996;7,7;-1,9;16,3;12
Bergen - Florida;SN50540;11.1996;1,7;-7,7;12,4;14
Oslo - Blindern;SN18700;11.1996;0,4;-10,5;13,9;14
Bergen - Florida;SN50540;12.1996;0,9;-8,3;7,5;18
Oslo - Blindern;SN18700;12.1996;-4,4;-17;6,2;7
Bergen - Florida;SN50540;01.1997;2,4;-6,6;8,9;17
Oslo - Blindern;SN18700;01.1997;-4;-16,9;9,7;5
Bergen - Florida;SN50540;02.1997;3,6;-2,9;8,6;24
Oslo - Blindern;SN18700;02.1997;-0,3;-16,5;8,8;9
Bergen - Florida;SN50540;03.1997;4,1;-4,5;9,8;18
Oslo - Blindern;SN18700;03.1997;2,4;-8;16,2;2
Bergen - Florida;SN50540;04.1997;5,1;-1,4;16,5;16
Oslo - Blindern;SN18700;04.1997;5,1;-4,2;16,2;0
Bergen - Florida;SN50540;05.1997;9,7;1,7;21,4;12
Oslo - Blindern;SN18700;05.1997;9,3;-1;21;11
Bergen - Florida;SN50540;06.1997;15,5;6,4;25,5;5
Oslo - Blindern;SN18700;06.1997;16,3;7,3;28,3;7
Bergen - Florida;SN50540;07.1997;17,3;9,7;28,2;13
Oslo - Blindern;SN18700;07.1997;19,5;11,2;30,4;8
Bergen - Florida;SN50540;08.1997;18,3;11;27,4;10
Oslo - Blindern;SN18700;08.1997;20,5;12,7;29,9;6
Bergen - Florida;SN50540;09.1997;11,8;5,8;24,4;22
Oslo - Blindern;SN18700;09.1997;12,4;2,3;24,6;10
Bergen - Florida;SN50540;10.1997;6,7;-4,7;15,7;22
Oslo - Blindern;SN18700;10.1997;4,8;-5,3;14,5;8
Bergen - Florida;SN50540;11.1997;5,3;-3,4;12,1;13
Oslo - Blindern;SN18700;11.1997;1,5;-8,3;9,6;10
Bergen - Florida;SN50540;12.1997;3,3;-4,3;9,9;15
Oslo - Blindern;SN18700;12.1997;-1;-10,9;6,4;13
Bergen - Florida;SN50540;01.1998;3,5;-7,4;12,4;19
Oslo - Blindern;SN18700;01.1998;-1,1;-12,2;5,7;9
Bergen - Florida;SN50540;02.1998;4,8;-2,6;9,5;27
Oslo - Blindern;SN18700;02.1998;1,4;-12,8;13,7;8
Bergen - Florida;SN50540;03.1998;3;-7,2;13,6;18
Oslo - Blindern;SN18700;03.1998;0,8;-11,1;15,9;5
Bergen - Florida;SN50540;04.1998;6,9;0,6;19;9
Oslo - Blindern;SN18700;04.1998;4,3;-5,1;16,1;14
Bergen - Florida;SN50540;05.1998;10,4;3,3;23,2;9
Oslo - Blindern;SN18700;05.1998;11,6;1,3;24;3
Bergen - Florida;SN50540;06.1998;12,3;4,4;25,7;14
Oslo - Blindern;SN18700;06.1998;13,2;5,7;23,4;16
Bergen - Florida;SN50540;07.1998;13,6;8,4;25,5;18
Oslo - Blindern;SN18700;07.1998;15,4;9;23,9;13
Bergen - Florida;SN50540;08.1998;13,2;7,6;22,7;19
Oslo - Blindern;SN18700;08.1998;14,4;6,2;23,2;13
Bergen - Florida;SN50540;09.1998;13,9;6,2;21;12
Oslo - Blindern;SN18700;09.1998;12,5;5;21,8;10
Bergen - Florida;SN50540;10.1998;7,1;1,8;14;22
Oslo - Blindern;SN18700;10.1998;5,4;-1,6;12,7;12
Bergen - Florida;SN50540;11.1998;3,2;-4,8;9,6;15
Oslo - Blindern;SN18700;11.1998;-0,7;-10,1;6;7
Bergen - Florida;SN50540;12.1998;4,1;-7,2;11;21
Oslo - Blindern;SN18700;12.1998;-0,6;-11,5;6,3;9
Bergen - Florida;SN50540;01.1999;2,8;-7,3;9,4;19
Oslo - Blindern;SN18700;01.1999;-2,2;-17,6;5,8;16
Bergen - Florida;SN50540;02.1999;1,8;-8;9,4;21
Oslo - Blindern;SN18700;02.1999;-2,3;-14,3;9,3;6
Bergen - Florida;SN50540;03.1999;4,6;-2,6;11,5;22
Oslo - Blindern;SN18700;03.1999;0,4;-9;9,9;17
Bergen - Florida;SN50540;04.1999;7,6;0,1;19,4;17
Oslo - Blindern;SN18700;04.1999;6,7;-1,9;18,8;9
Bergen - Florida;SN50540;05.1999;9,8;2;20,9;13
Oslo - Blindern;SN18700;05.1999;9,5;0,3;24,8;7
Bergen - Florida;SN50540;06.1999;13,1;6,5;22,6;14
Oslo - Blindern;SN18700;06.1999;14;6;23,9;19
Bergen - Florida;SN50540;07.1999;14,7;7,1;23,6;14
Oslo - Blindern;SN18700;07.1999;17,4;8,4;27,1;9
Bergen - Florida;SN50540;08.1999;15,5;7,7;27,4;8
Oslo - Blindern;SN18700;08.1999;16,1;6;28,4;4
Bergen - Florida;SN50540;09.1999;15,8;5,5;25,2;20
Oslo - Blindern;SN18700;09.1999;14,4;6,1;24,5;13
Bergen - Florida;SN50540;10.1999;8,8;0,1;17,1;22
Oslo - Blindern;SN18700;10.1999;6,6;0;13,5;9
Bergen - Florida;SN50540;11.1999;7;-3;12,8;21
Oslo - Blindern;SN18700;11.1999;4,2;-4,9;12,5;8
Bergen - Florida;SN50540;12.1999;2;-6,7;9,9;21
Oslo - Blindern;SN18700;12.1999;-2,7;-15,2;8,3;11
Bergen - Florida;SN50540;01.2000;3,6;-3,5;8,8;24
Oslo - Blindern;SN18700;01.2000;-0,4;-12,6;10,2;8
Bergen - Florida;SN50540;02.2000;3,3;-4,7;8,9;21
Oslo - Blindern;SN18700;02.2000;-0,4;-10,7;8,9;6
Bergen - Florida;SN50540;03.2000;3,3;-3,4;9,4;24
Oslo - Blindern;SN18700;03.2000;2;-7,4;15,4;6
Bergen - Florida;SN50540;04.2000;8;-1,9;25,5;14
Oslo - Blindern;SN18700;04.2000;6,4;-6,1;25,4;15
Bergen - Florida;SN50540;05.2000;11,6;5,1;23,2;14
Oslo - Blindern;SN18700;05.2000;12,5;2,1;25,8;13
Bergen - Florida;SN50540;06.2000;12;3,1;26,2;22
Oslo - Blindern;SN18700;06.2000;13,6;3,7;25,6;12
Bergen - Florida;SN50540;07.2000;14,7;6,9;26,9;5
Oslo - Blindern;SN18700;07.2000;16,2;8,4;26,5;15
Bergen - Florida;SN50540;08.2000;13,7;8,3;21,1;22
Oslo - Blindern;SN18700;08.2000;15,4;7,1;23,5;13
Bergen - Florida;SN50540;09.2000;13,1;4,2;20,9;13
Oslo - Blindern;SN18700;09.2000;11,5;3,6;19,4;6
Bergen - Florida;SN50540;10.2000;11;3,5;17,7;20
Oslo - Blindern;SN18700;10.2000;9,5;2,2;17,3;21
Bergen - Florida;SN50540;11.2000;7,8;1,1;13,6;21
Oslo - Blindern;SN18700;11.2000;5,8;1,6;9,5;25
Bergen - Florida;SN50540;12.2000;3,9;-7;12,6;16
Oslo - Blindern;SN18700;12.2000;1,2;-15,8;9,2;16
Bergen - Florida;SN50540;01.2001;2,7;-5,8;9,5;9
Oslo - Blindern;SN18700;01.2001;-2,8;-16,2;4;13
Bergen - Florida;SN50540;02.2001;-0,2;-13,4;7,5;16
Oslo - Blindern;SN18700;02.2001;-5,3;-20,7;8,1;6
Bergen - Florida;SN50540;03.2001;2;-11,3;10,2;13
Oslo - Blindern;SN18700;03.2001;-1,5;-13,1;10,3;6
Bergen - Florida;SN50540;04.2001;5,7;-1,1;13,6;16
Oslo - Blindern;SN18700;04.2001;4,3;-5,4;13,3;14
Bergen - Florida;SN50540;05.2001;10,4;1,7;23,1;11
Oslo - Blindern;SN18700;05.2001;11,9;3,2;24,4;7
Bergen - Florida;SN50540;06.2001;11,9;4;24,2;15
Oslo - Blindern;SN18700;06.2001;14,6;4,7;27,4;7
Bergen - Florida;SN50540;07.2001;15,7;8,2;25,4;17
Oslo - Blindern;SN18700;07.2001;17,8;9,6;28,9;10
Bergen - Florida;SN50540;08.2001;14,8;7,2;23,6;21
Oslo - Blindern;SN18700;08.2001;15,9;8,3;26;11
Bergen - Florida;SN50540;09.2001;12,9;2,6;22,4;10
Oslo - Blindern;SN18700;09.2001;11,7;2,1;19,1;14
Bergen - Florida;SN50540;10.2001;11;4,2;17,6;22
Oslo - Blindern;SN18700;10.2001;9;-0,5;17,4;17
Bergen - Florida;SN50540;11.2001;4,8;-2,9;11,6;25
Oslo - Blindern;SN18700;11.2001;2,2;-4,6;12,8;4
Bergen - Florida;SN50540;12.2001;1,2;-9,8;10,8;15
Oslo - Blindern;SN18700;12.2001;-3,3;-17,9;5,4;8
Bergen - Florida;SN50540;01.2002;3,8;-4,6;9,6;26
Oslo - Blindern;SN18700;01.2002;-2,8;-16,6;5,1;13
Bergen - Florida;SN50540;02.2002;3,2;-6,3;9,9;23
Oslo - Blindern;SN18700;02.2002;0,7;-8,7;6,7;12
Bergen - Florida;SN50540;03.2002;3,8;-3,1;12,9;18
Oslo - Blindern;SN18700;03.2002;2,1;-8;13,3;7
Bergen - Florida;SN50540;04.2002;8,2;1,8;17;12
Oslo - Blindern;SN18700;04.2002;7;-2;20,5;6
Bergen - Florida;SN50540;05.2002;12,6;1,6;24,2;13
Oslo - Blindern;SN18700;05.2002;12,8;3;23,4;11
Bergen - Florida;SN50540;06.2002;15,2;8,6;28,2;15
Oslo - Blindern;SN18700;06.2002;16,6;6,8;27,7;10
Bergen - Florida;SN50540;07.2002;15,3;8,1;28,2;17
Oslo - Blindern;SN18700;07.2002;17,4;10,6;26,6;16
Bergen - Florida;SN50540;08.2002;19,6;11,6;30;10
Oslo - Blindern;SN18700;08.2002;20,4;12;28,2;5
Bergen - Florida;SN50540;09.2002;13,8;4,7;25;15
Oslo - Blindern;SN18700;09.2002;13,4;1,1;25;6
Bergen - Florida;SN50540;10.2002;6,2;-2,1;16,1;14
Oslo - Blindern;SN18700;10.2002;3,5;-5,2;12,5;7
Bergen - Florida;SN50540;11.2002;3;-5,3;10,5;12
Oslo - Blindern;SN18700;11.2002;-1,2;-9,4;6,8;11
Bergen - Florida;SN50540;12.2002;0,9;-6,8;9,8;9
Oslo - Blindern;SN18700;12.2002;-5,8;-19,7;1,1;7
Bergen - Florida;SN50540;01.2003;2,2;-9,4;9,1;20
Oslo - Blindern;SN18700;01.2003;-3,8;-20,1;7,1;4
Bergen - Florida;SN50540;02.2003;2,2;-4,8;10,8;11
Oslo - Blindern;SN18700;02.2003;-2,6;-13,6;5,9;8
Bergen - Florida;SN50540;03.2003;4,9;-3,2;12,4;12
Oslo - Blindern;SN18700;03.2003;1,7;-10,8;13;6
Bergen - Florida;SN50540;04.2003;8,6;-0,4;20,5;7
Oslo - Blindern;SN18700;04.2003;6;-4;20,5;4
Bergen - Florida;SN50540;05.2003;9,7;2;18,6;21
Oslo - Blindern;SN18700;05.2003;10,1;1;22;14
Bergen - Florida;SN50540;06.2003;14,5;6,9;26,2;17
Oslo - Blindern;SN18700;06.2003;16,3;9;26,5;11
Bergen - Florida;SN50540;07.2003;18,1;10,3;31,8;17
Oslo - Blindern;SN18700;07.2003;18,9;11,3;30,3;12
Bergen - Florida;SN50540;08.2003;16;8,6;27,3;14
Oslo - Blindern;SN18700;08.2003;17,4;7,5;28,3;7
Bergen - Florida;SN50540;09.2003;12,4;3;20,2;24
Oslo - Blindern;SN18700;09.2003;12,5;1,1;23,1;7
Bergen - Florida;SN50540;10.2003;6,1;-3,1;13,2;17
Oslo - Blindern;SN18700;10.2003;4;-6,7;14,5;6
Bergen - Florida;SN50540;11.2003;6,9;-0,5;14,4;20
Oslo - Blindern;SN18700;11.2003;3;-5,1;10,1;12
Bergen - Florida;SN50540;12.2003;3,7;-6,9;9,7;23
Oslo - Blindern;SN18700;12.2003;0,4;-11,1;7,7;8
Bergen - Florida;SN50540;01.2004;1,9;-7,2;10,7;16
Oslo - Blindern;SN18700;01.2004;-3,8;-15,6;2,2;18
Bergen - Florida;SN50540;02.2004;2,4;-7;10;19
Oslo - Blindern;SN18700;02.2004;-1,4;-12,4;9,8;5
Bergen - Florida;SN50540;03.2004;4,6;-2,7;15,7;14
Oslo - Blindern;SN18700;03.2004;2,1;-11,8;15;6
Bergen - Florida;SN50540;04.2004;8,4;-0,6;16,3;19
Oslo - Blindern;SN18700;04.2004;7,5;-2,6;17,1;7
Bergen - Florida;SN50540;05.2004;10,5;1,8;23,4;16
Oslo - Blindern;SN18700;05.2004;12,4;2;24,5;8
Bergen - Florida;SN50540;06.2004;12,8;6,5;21,7;17
Oslo - Blindern;SN18700;06.2004;14,2;6,4;23,2;12
Bergen - Florida;SN50540;07.2004;14,5;7,7;24,6;12
Oslo - Blindern;SN18700;07.2004;16;8,3;27,3;9
Bergen - Florida;SN50540;08.2004;17,4;7,1;30,7;14
Oslo - Blindern;SN18700;08.2004;18;6,1;31,5;12
Bergen - Florida;SN50540;09.2004;12,3;4;20,6;20
Oslo - Blindern;SN18700;09.2004;12,6;3,8;23,1;11
Bergen - Florida;SN50540;10.2004;9,1;1,4;16,7;14
Oslo - Blindern;SN18700;10.2004;6,6;-1,8;12,8;13
Bergen - Florida;SN50540;11.2004;4,8;-5,1;11,3;23
Oslo - Blindern;SN18700;11.2004;1,2;-9,8;11,6;10
Bergen - Florida;SN50540;12.2004;4,5;-5;10,1;28
Oslo - Blindern;SN18700;12.2004;0,4;-9,6;8,6;6
Bergen - Florida;SN50540;01.2005;3,6;-3,1;9,8;25
Oslo - Blindern;SN18700;01.2005;1,7;-6,5;9,6;7
Bergen - Florida;SN50540;02.2005;2,2;-5,9;7,5;15
Oslo - Blindern;SN18700;02.2005;-1;-10;7,4;2
Bergen - Florida;SN50540;03.2005;3,6;-4,8;14,8;10
Oslo - Blindern;SN18700;03.2005;-0,8;-16,9;13,5;6
Bergen - Florida;SN50540;04.2005;7,6;0;17,6;10
Oslo - Blindern;SN18700;04.2005;6,9;-1,5;17,5;3
Bergen - Florida;SN50540;05.2005;9;2,1;16,5;22
Oslo - Blindern;SN18700;05.2005;9,7;0,4;19,2;12
Bergen - Florida;SN50540;06.2005;12;5,1;23,1;16
Oslo - Blindern;SN18700;06.2005;14,6;3;25,6;7
Bergen - Florida;SN50540;07.2005;16,3;10,1;26,1;12
Oslo - Blindern;SN18700;07.2005;18,7;9,4;31,4;8
Bergen - Florida;SN50540;08.2005;14;8,3;22,1;15
Oslo - Blindern;SN18700;08.2005;15,9;5,9;25,1;15
Bergen - Florida;SN50540;09.2005;12,5;4,5;22;22
Oslo - Blindern;SN18700;09.2005;12,6;1,4;22,4;8
Bergen - Florida;SN50540;10.2005;10,5;-1,6;23,1;18
Oslo - Blindern;SN18700;10.2005;7,5;-3,3;17,7;12
Bergen - Florida;SN50540;11.2005;6,2;-3,2;14,6;22
Oslo - Blindern;SN18700;11.2005;4,4;-7,8;12,7;14
Bergen - Florida;SN50540;12.2005;3;-6,8;10,6;14
Oslo - Blindern;SN18700;12.2005;-1,1;-8,3;7,8;11
Bergen - Florida;SN50540;01.2006;2,7;-3,8;9,1;17
Oslo - Blindern;SN18700;01.2006;-2,4;-11,1;6,9;9
Bergen - Florida;SN50540;02.2006;3;-3,3;13,2;10
Oslo - Blindern;SN18700;02.2006;-3,2;-15,7;9,7;8
Bergen - Florida;SN50540;03.2006;0,7;-8,3;9,2;8
Oslo - Blindern;SN18700;03.2006;-3,2;-15;9,4;9
Bergen - Florida;SN50540;04.2006;5,8;-1,5;15,5;18
Oslo - Blindern;SN18700;04.2006;4,7;-2,4;13,2;15
Bergen - Florida;SN50540;05.2006;11,3;2;24,6;13
Oslo - Blindern;SN18700;05.2006;12;2,2;25,2;10
Bergen - Florida;SN50540;06.2006;13,4;4,7;27,5;12
Oslo - Blindern;SN18700;06.2006;16,1;6,1;28,5;7
Bergen - Florida;SN50540;07.2006;17,6;8,4;28;11
Oslo - Blindern;SN18700;07.2006;20,1;9;30,5;5
Bergen - Florida;SN50540;08.2006;17,5;10,8;26,4;11
Oslo - Blindern;SN18700;08.2006;18;9,4;29,9;14
Bergen - Florida;SN50540;09.2006;15,4;9,7;27,1;17
Oslo - Blindern;SN18700;09.2006;15;7,5;22,5;9
Bergen - Florida;SN50540;10.2006;10,5;3,6;17,8;22
Oslo - Blindern;SN18700;10.2006;8,4;-0,2;17,5;16
Bergen - Florida;SN50540;11.2006;7,3;0,3;13,3;27
Oslo - Blindern;SN18700;11.2006;4,1;-5,6;13,2;14
Bergen - Florida;SN50540;12.2006;6,6;-1;11,5;28
Oslo - Blindern;SN18700;12.2006;2,4;-5,7;9,6;9
Bergen - Florida;SN50540;01.2007;3,5;-5,5;10,2;28
Oslo - Blindern;SN18700;01.2007;-0,9;-14,3;9;13
Bergen - Florida;SN50540;02.2007;2,2;-8,5;8,8;14
Oslo - Blindern;SN18700;02.2007;-3,2;-14,5;7,5;13
Bergen - Florida;SN50540;03.2007;6,2;-1,5;17,1;18
Oslo - Blindern;SN18700;03.2007;4,2;-3,6;16;6
Bergen - Florida;SN50540;04.2007;7,8;-1,4;19,4;18
Oslo - Blindern;SN18700;04.2007;7,6;-3,1;19,5;7
Bergen - Florida;SN50540;05.2007;9,7;1,5;23,1;12
Oslo - Blindern;SN18700;05.2007;10,9;2,6;20,5;12
Bergen - Florida;SN50540;06.2007;16;5,6;28,1;3
Oslo - Blindern;SN18700;06.2007;17;5,3;31,3;9
Bergen - Florida;SN50540;07.2007;14,9;8,2;27,1;20
Oslo - Blindern;SN18700;07.2007;16,1;9,9;24,3;20
Bergen - Florida;SN50540;08.2007;14;6,8;28,4;19
Oslo - Blindern;SN18700;08.2007;16,5;4,2;27,4;7
Bergen - Florida;SN50540;09.2007;10,3;3,1;16,7;23
Oslo - Blindern;SN18700;09.2007;11;1,6;21,9;7
Bergen - Florida;SN50540;10.2007;8,8;-0,5;16,5;15
Oslo - Blindern;SN18700;10.2007;6,9;-2,5;15,4;4
Bergen - Florida;SN50540;11.2007;4;-3;11,7;19
Oslo - Blindern;SN18700;11.2007;1,5;-6,2;13,4;7
Bergen - Florida;SN50540;12.2007;3,4;-3,5;10;14
Oslo - Blindern;SN18700;12.2007;-1,4;-11,6;7,8;9
Bergen - Florida;SN50540;01.2008;3,6;-4,6;9;24
Oslo - Blindern;SN18700;01.2008;0,9;-5,7;7,6;16
Bergen - Florida;SN50540;02.2008;4,6;-3;10,8;23
Oslo - Blindern;SN18700;02.2008;1,9;-8,5;9,5;7
Bergen - Florida;SN50540;03.2008;3,2;-5;13,4;22
Oslo - Blindern;SN18700;03.2008;0,9;-13,1;8,9;13
Bergen - Florida;SN50540;04.2008;7,5;-0,9;17,1;14
Oslo - Blindern;SN18700;04.2008;6,7;-0,8;20;12
Bergen - Florida;SN50540;05.2008;12,3;2,3;25,5;4
Oslo - Blindern;SN18700;05.2008;12,3;0,6;28;7
Bergen - Florida;SN50540;06.2008;13,7;5;27,4;15
Oslo - Blindern;SN18700;06.2008;15,8;6,4;31;7
Bergen - Florida;SN50540;07.2008;18;9,5;31,3;10
Oslo - Blindern;SN18700;07.2008;18,3;8,4;31,6;9
Bergen - Florida;SN50540;08.2008;15,5;7,4;29,8;13
Oslo - Blindern;SN18700;08.2008;15,2;8,6;27,4;15
Bergen - Florida;SN50540;09.2008;12,7;5,8;24;12
Oslo - Blindern;SN18700;09.2008;10,8;4;19,2;6
Bergen - Florida;SN50540;10.2008;8;-1,5;15,9;26
Oslo - Blindern;SN18700;10.2008;6,8;-2,8;15,7;12
Bergen - Florida;SN50540;11.2008;4,5;-6,5;13,1;19
Oslo - Blindern;SN18700;11.2008;2,1;-7,4;9,6;10
Bergen - Florida;SN50540;12.2008;2,9;-4,4;9,2;12
Oslo - Blindern;SN18700;12.2008;-1,2;-9,9;7,8;10
Bergen - Florida;SN50540;01.2009;3,3;-8,1;8,9;16
Oslo - Blindern;SN18700;01.2009;-2,2;-12,2;7,1;9
Bergen - Florida;SN50540;02.2009;0,8;-8,5;7,6;18
Oslo - Blindern;SN18700;02.2009;-5,1;-15,8;5,9;9
Bergen - Florida;SN50540;03.2009;4,7;-0,3;10;21
Oslo - Blindern;SN18700;03.2009;1,2;-7,3;10,4;9
Bergen - Florida;SN50540;04.2009;9,5;1;19;9
Oslo - Blindern;SN18700;04.2009;7,7;-1;20,4;5
Bergen - Florida;SN50540;05.2009;10,8;2,8;21,3;16
Oslo - Blindern;SN18700;05.2009;12;2,6;26,4;13
Bergen - Florida;SN50540;06.2009;13,9;4,7;29,9;5
Oslo - Blindern;SN18700;06.2009;15,8;4,8;31,8;6
Bergen - Florida;SN50540;07.2009;16,8;10,6;28,7;17
Oslo - Blindern;SN18700;07.2009;17,3;10,5;33;16
Bergen - Florida;SN50540;08.2009;15,7;9,5;27,7;21
Oslo - Blindern;SN18700;08.2009;16,1;6,6;27,7;13
Bergen - Florida;SN50540;09.2009;12,3;3,9;20,4;25
Oslo - Blindern;SN18700;09.2009;12,9;0,1;23;6
Bergen - Florida;SN50540;10.2009;7;0,5;13,8;9
Oslo - Blindern;SN18700;10.2009;4,4;-2,8;14,8;6
Bergen - Florida;SN50540;11.2009;7,1;-1,1;14,6;17
Oslo - Blindern;SN18700;11.2009;3,9;-1,1;10;17
Bergen - Florida;SN50540;12.2009;1,3;-9,2;12;9
Oslo - Blindern;SN18700;12.2009;-3,8;-17,5;5,1;9
Bergen - Florida;SN50540;01.2010;-3,4;-13,4;6,3;6
Oslo - Blindern;SN18700;01.2010;-8,1;-20,5;2,1;7
Bergen - Florida;SN50540;02.2010;-1,5;-9,4;4,9;6
Oslo - Blindern;SN18700;02.2010;-6,3;-17,7;3,8;10
Bergen - Florida;SN50540;03.2010;3,4;-7;12,9;24
Oslo - Blindern;SN18700;03.2010;0,3;-14;9,7;8
Bergen - Florida;SN50540;04.2010;6,7;-1,4;15,8;17
Oslo - Blindern;SN18700;04.2010;6;-2,6;17,5;6
Bergen - Florida;SN50540;05.2010;8,8;0,1;20,6;9
Oslo - Blindern;SN18700;05.2010;11;-1,5;23,9;8
Bergen - Florida;SN50540;06.2010;12,6;5,8;23,2;9
Oslo - Blindern;SN18700;06.2010;15,3;7,4;24,6;10
Bergen - Florida;SN50540;07.2010;15,6;7;25,4;19
Oslo - Blindern;SN18700;07.2010;18;9,6;26,2;15
Bergen - Florida;SN50540;08.2010;15,4;6,7;26,6;20
Oslo - Blindern;SN18700;08.2010;16,1;7,9;25,4;16
Bergen - Florida;SN50540;09.2010;12;3,3;22,1;13
Oslo - Blindern;SN18700;09.2010;11,3;1,4;19,6;7
Bergen - Florida;SN50540;10.2010;8,4;-0,6;19,6;17
Oslo - Blindern;SN18700;10.2010;5,7;-5;16,1;8
Bergen - Florida;SN50540;11.2010;1;-9,5;10,4;11
Oslo - Blindern;SN18700;11.2010;-2;-12,1;9,2;7
Bergen - Florida;SN50540;12.2010;-2,6;-10,9;7;12
Oslo - Blindern;SN18700;12.2010;-9,2;-19,3;0;5
Bergen - Florida;SN50540;01.2011;2,3;-4,3;7,8;23
Oslo - Blindern;SN18700;01.2011;-3,5;-12,8;5,1;10
Bergen - Florida;SN50540;02.2011;1,3;-7,8;8,8;18
Oslo - Blindern;SN18700;02.2011;-4,9;-18,1;5,7;10
Bergen - Florida;SN50540;03.2011;3,2;-4,3;10,5;19
Oslo - Blindern;SN18700;03.2011;0,6;-8,1;14,9;5
Bergen - Florida;SN50540;04.2011;9,2;1,6;21,2;13
Oslo - Blindern;SN18700;04.2011;9,4;-0,8;20,3;6
Bergen - Florida;SN50540;05.2011;10,8;3,8;25;18
Oslo - Blindern;SN18700;05.2011;11,3;0;23,5;10
Bergen - Florida;SN50540;06.2011;13,1;5,4;22,8;16
Oslo - Blindern;SN18700;06.2011;15,9;8;27,1;14
Bergen - Florida;SN50540;07.2011;15,7;8,1;24,8;15
Oslo - Blindern;SN18700;07.2011;18;9,6;28;11
Bergen - Florida;SN50540;08.2011;15,1;7,3;25,8;14
Oslo - Blindern;SN18700;08.2011;16,1;6,7;26,5;15
Bergen - Florida;SN50540;09.2011;13;4,1;22;24
Oslo - Blindern;SN18700;09.2011;12,7;3;21,9;15
Bergen - Florida;SN50540;10.2011;10,1;1,1;21,3;21
Oslo - Blindern;SN18700;10.2011;7,6;-2,2;16,8;9
Bergen - Florida;SN50540;11.2011;8,1;-0,7;17,9;16
Oslo - Blindern;SN18700;11.2011;4,6;-4,9;11,7;6
Bergen - Florida;SN50540;12.2011;3,5;-4,1;11,6;29
Oslo - Blindern;SN18700;12.2011;0,8;-7,2;12;12
Bergen - Florida;SN50540;01.2012;2,7;-6;9;17
Oslo - Blindern;SN18700;01.2012;-2,4;-11,3;4,6;7
Bergen - Florida;SN50540;02.2012;2,7;-6,2;9,3;21
Oslo - Blindern;SN18700;02.2012;-2,2;-17,1;10,1;5
Bergen - Florida;SN50540;03.2012;6,2;0,2;14,9;21
Oslo - Blindern;SN18700;03.2012;5,6;-3,2;21,5;2
Bergen - Florida;SN50540;04.2012;5,7;-3,8;16,1;14
Oslo - Blindern;SN18700;04.2012;4,9;-4,1;14,9;10
Bergen - Florida;SN50540;05.2012;10,3;0,8;27,1;13
Oslo - Blindern;SN18700;05.2012;12,3;-1,3;29,8;11
Bergen - Florida;SN50540;06.2012;12,9;4,5;24,4;9
Oslo - Blindern;SN18700;06.2012;13,7;4,9;23,8;16
Bergen - Florida;SN50540;07.2012;14,8;8,3;27,6;17
Oslo - Blindern;SN18700;07.2012;16,4;9,5;25,1;15
Bergen - Florida;SN50540;08.2012;15,2;5,9;25,1;18
Oslo - Blindern;SN18700;08.2012;16,1;7,3;26,9;17
Bergen - Florida;SN50540;09.2012;10,6;1,8;19,3;22
Oslo - Blindern;SN18700;09.2012;11,1;1,3;23;14
Bergen - Florida;SN50540;10.2012;7;-2,7;14;22
Oslo - Blindern;SN18700;10.2012;5,2;-5;16,2;12
Bergen - Florida;SN50540;11.2012;6;-1,2;12,9;22
Oslo - Blindern;SN18700;11.2012;3,2;-4,9;10,6;19
Bergen - Florida;SN50540;12.2012;-0,1;-9,5;9,1;13
Oslo - Blindern;SN18700;12.2012;-5,1;-14,6;4,7;10
Bergen - Florida;SN50540;01.2013;0,3;-9,6;9,3;13
Oslo - Blindern;SN18700;01.2013;-4,9;-17,2;5,5;8
Bergen - Florida;SN50540;02.2013;0,6;-8;9;8
Oslo - Blindern;SN18700;02.2013;-3,2;-13,2;7,9;5
Bergen - Florida;SN50540;03.2013;0,9;-7,7;8,1;5
Oslo - Blindern;SN18700;03.2013;-2,1;-14,2;10,1;2
Bergen - Florida;SN50540;04.2013;5,1;-3,7;11,5;16
Oslo - Blindern;SN18700;04.2013;4,3;-4,9;14,6;9
Bergen - Florida;SN50540;05.2013;11,3;0,8;27,6;17
Oslo - Blindern;SN18700;05.2013;12,8;0,1;26,8;14
Bergen - Florida;SN50540;06.2013;13,3;7,1;21,7;14
Oslo - Blindern;SN18700;06.2013;15;6,6;25,1;16
Bergen - Florida;SN50540;07.2013;15,6;9;26,9;16
Oslo - Blindern;SN18700;07.2013;18,4;9,5;29;5
Bergen - Florida;SN50540;08.2013;15,2;7,9;28,1;17
Oslo - Blindern;SN18700;08.2013;16,3;7,5;25,8;12
Bergen - Florida;SN50540;09.2013;12,5;3,9;20,3;17
Oslo - Blindern;SN18700;09.2013;12;0,5;23,3;7
Bergen - Florida;SN50540;10.2013;9,6;0,9;18,9;16
Oslo - Blindern;SN18700;10.2013;7,5;-1,5;19,1;12
Bergen - Florida;SN50540;11.2013;5,5;-0,8;11,9;23
Oslo - Blindern;SN18700;11.2013;2,4;-7,5;13,7;7
Bergen - Florida;SN50540;12.2013;5,7;-4,5;10,3;27
Oslo - Blindern;SN18700;12.2013;2;-8,9;8,7;18
Bergen - Florida;SN50540;01.2014;3,4;-4,5;10,9;11
Oslo - Blindern;SN18700;01.2014;-2,6;-13,5;7,4;15
Bergen - Florida;SN50540;02.2014;5,5;-3,3;12,4;20
Oslo - Blindern;SN18700;02.2014;1,9;-5;7,6;20
Bergen - Florida;SN50540;03.2014;6;0,1;17,2;17
Oslo - Blindern;SN18700;03.2014;4,3;-2,8;15,5;11
Bergen - Florida;SN50540;04.2014;8,9;0;22,3;11
Oslo - Blindern;SN18700;04.2014;7,7;-1,5;22,4;8
Bergen - Florida;SN50540;05.2014;11,4;-0,1;22,4;9
Oslo - Blindern;SN18700;05.2014;12;0,7;26,4;9
Bergen - Florida;SN50540;06.2014;14,5;7,5;26;5
Oslo - Blindern;SN18700;06.2014;15,7;8,2;27,1;7
Bergen - Florida;SN50540;07.2014;19;9,9;31,4;13
Oslo - Blindern;SN18700;07.2014;20,8;9;33,4;11
Bergen - Florida;SN50540;08.2014;15,5;9,2;25,6;22
Oslo - Blindern;SN18700;08.2014;15,8;7,6;26,4;17
Bergen - Florida;SN50540;09.2014;13,6;6,3;23;10
Oslo - Blindern;SN18700;09.2014;13,1;3,6;22,4;5
Bergen - Florida;SN50540;10.2014;10,6;1,9;19,5;22
Oslo - Blindern;SN18700;10.2014;8,9;-0,4;16,4;19
Bergen - Florida;SN50540;11.2014;7,3;0,6;17,3;15
Oslo - Blindern;SN18700;11.2014;4,1;-3,3;12,1;11
Bergen - Florida;SN50540;12.2014;3,2;-6,3;9;29
Oslo - Blindern;SN18700;12.2014;-2,2;-14,6;7;6
Bergen - Florida;SN50540;01.2015;3,4;-4,5;9,4;27
Oslo - Blindern;SN18700;01.2015;-0,3;-12,2;6,5;17
Bergen - Florida;SN50540;02.2015;3,4;-5;10,2;19
Oslo - Blindern;SN18700;02.2015;0,3;-12,8;8,4;7
Bergen - Florida;SN50540;03.2015;5,2;-2;14;21
Oslo - Blindern;SN18700;03.2015;3,5;-4,8;13,2;11
Bergen - Florida;SN50540;04.2015;6,2;-2,1;18,6;14
Oslo - Blindern;SN18700;04.2015;7,1;-2,3;22,8;5
Bergen - Florida;SN50540;05.2015;8,6;0,8;17,1;22
Oslo - Blindern;SN18700;05.2015;9;0,1;18,8;16
Bergen - Florida;SN50540;06.2015;11,4;3,7;23,9;16
Oslo - Blindern;SN18700;06.2015;14,2;5,1;24,4;11
Bergen - Florida;SN50540;07.2015;14,4;7,4;30;18
Oslo - Blindern;SN18700;07.2015;16,2;7,8;27;15
Bergen - Florida;SN50540;08.2015;16,5;8,2;27,3;18
Oslo - Blindern;SN18700;08.2015;16,5;8;25,4;9
Bergen - Florida;SN50540;09.2015;13,5;6,3;22;14
Oslo - Blindern;SN18700;09.2015;12,5;3;21,2;13
Bergen - Florida;SN50540;10.2015;9,6;2,1;18,2;15
Oslo - Blindern;SN18700;10.2015;7,2;-2,3;16,7;2
Bergen - Florida;SN50540;11.2015;6,8;-4,3;15,6;22
Oslo - Blindern;SN18700;11.2015;3,2;-7,7;12,3;11
Bergen - Florida;SN50540;12.2015;5,8;-4,6;12,3;26
Oslo - Blindern;SN18700;12.2015;2,1;-8,9;10,4;11
Bergen - Florida;SN50540;01.2016;0;-8,8;12,4;14
Oslo - Blindern;SN18700;01.2016;-5,5;-16,4;7,3;9
Bergen - Florida;SN50540;02.2016;2,1;-6;7,8;20
Oslo - Blindern;SN18700;02.2016;-0,7;-10,6;7,1;8
Bergen - Florida;SN50540;03.2016;4,9;-3;14,5;14
Oslo - Blindern;SN18700;03.2016;3,1;-3,6;15,7;9
Bergen - Florida;SN50540;04.2016;6,2;-0,7;14,9;14
Oslo - Blindern;SN18700;04.2016;5,9;-1,8;14,4;12
Bergen - Florida;SN50540;05.2016;12,2;4,1;25,1;10
Oslo - Blindern;SN18700;05.2016;12,3;0,8;26,4;9
Bergen - Florida;SN50540;06.2016;15,3;6,9;27,8;10
Oslo - Blindern;SN18700;06.2016;16,7;6,1;29,1;8
Bergen - Florida;SN50540;07.2016;14,7;9,3;27,8;20
Oslo - Blindern;SN18700;07.2016;17,2;8,4;27,8;12
Bergen - Florida;SN50540;08.2016;14,2;6,7;24,5;20
Oslo - Blindern;SN18700;08.2016;15,5;6,6;23,8;12
Bergen - Florida;SN50540;09.2016;15,2;7,9;27,6;15
Oslo - Blindern;SN18700;09.2016;15;5;23,4;6
Bergen - Florida;SN50540;10.2016;8,3;1,3;17,7;8
Oslo - Blindern;SN18700;10.2016;6,1;0;15;4
Bergen - Florida;SN50540;11.2016;4;-6,4;11,6;20
Oslo - Blindern;SN18700;11.2016;0,7;-8,1;9,1;13
Bergen - Florida;SN50540;12.2016;6,1;-1,3;11,3;26
Oslo - Blindern;SN18700;12.2016;0,9;-8,3;11,5;3
Bergen - Florida;SN50540;01.2017;3,6;-6,5;9,4;22
Oslo - Blindern;SN18700;01.2017;-1,4;-12,6;5,5;5
Bergen - Florida;SN50540;02.2017;3;-6,7;12,1;12
Oslo - Blindern;SN18700;02.2017;-1,5;-9,5;5,4;11
Bergen - Florida;SN50540;03.2017;4,7;-3,3;13;21
Oslo - Blindern;SN18700;03.2017;2,6;-5,7;20;8
Bergen - Florida;SN50540;04.2017;6,2;-0,9;13,4;23
Oslo - Blindern;SN18700;04.2017;5,2;-4,4;17,6;7
Bergen - Florida;SN50540;05.2017;12,2;2,2;24,3;9
Oslo - Blindern;SN18700;05.2017;11,6;0,2;23,9;11
Bergen - Florida;SN50540;06.2017;13,4;5,2;25,7;23
Oslo - Blindern;SN18700;06.2017;15,1;3,5;25,6;14
Bergen - Florida;SN50540;07.2017;14,9;8;27,8;18
Oslo - Blindern;SN18700;07.2017;16,9;7;27,3;8
Bergen - Florida;SN50540;08.2017;14,3;8,1;23,3;21
Oslo - Blindern;SN18700;08.2017;15,3;6,9;23,6;14
Bergen - Florida;SN50540;09.2017;13,8;7,1;23,4;14
Oslo - Blindern;SN18700;09.2017;12,2;6,6;18,9;10
Bergen - Florida;SN50540;10.2017;9,6;2,4;17;24
Oslo - Blindern;SN18700;10.2017;7,2;-1,3;16,9;13
Bergen - Florida;SN50540;11.2017;4,5;-4,6;11,8;24
Oslo - Blindern;SN18700;11.2017;1,6;-7,4;10,9;11
Bergen - Florida;SN50540;12.2017;3,3;-5,5;10,3;22
Oslo - Blindern;SN18700;12.2017;-1,5;-10,4;8,4;9
Bergen - Florida;SN50540;01.2018;2,7;-5;9,9;19
Oslo - Blindern;SN18700;01.2018;-1,7;-11,7;5,6;17
Bergen - Florida;SN50540;02.2018;0,9;-9;6,1;16
Oslo - Blindern;SN18700;02.2018;-4,1;-15,9;2;11
Bergen - Florida;SN50540;03.2018;0,8;-12;8,9;12
Oslo - Blindern;SN18700;03.2018;-2,3;-14,2;10;3
Bergen - Florida;SN50540;04.2018;7,5;-5,3;20,2;15
Oslo - Blindern;SN18700;04.2018;6,5;-6,1;17,8;7
Bergen - Florida;SN50540;05.2018;14,7;5,2;31,2;8
Oslo - Blindern;SN18700;05.2018;16,1;1,5;31,1;4
Bergen - Florida;SN50540;06.2018;14,6;7,2;28,5;11
Oslo - Blindern;SN18700;06.2018;17,9;6,2;31,9;4
Bergen - Florida;SN50540;07.2018;17,3;9,6;32,2;10
Oslo - Blindern;SN18700;07.2018;22,2;10,6;34,6;5
Bergen - Florida;SN50540;08.2018;14,5;7,2;22,7;22
Oslo - Blindern;SN18700;08.2018;16,3;5,9;28,5;12
Bergen - Florida;SN50540;09.2018;12;4;23,2;23
Oslo - Blindern;SN18700;09.2018;12,5;-0,2;22,2;10
Bergen - Florida;SN50540;10.2018;8,4;-2,9;23,8;23
Oslo - Blindern;SN18700;10.2018;7,4;-2,2;17,8;7
Bergen - Florida;SN50540;11.2018;6,7;-4,3;16,9;12
Oslo - Blindern;SN18700;11.2018;3,4;-9,4;11,5;12
Bergen - Florida;SN50540;12.2018;4,2;-3,9;10;17
Oslo - Blindern;SN18700;12.2018;-1,2;-11,9;7,2;15
Bergen - Florida;SN50540;01.2019;2,6;-5,2;9,7;22
Oslo - Blindern;SN18700;01.2019;-2,8;-14,1;10,4;9
Bergen - Florida;SN50540;02.2019;5,3;-3,4;13,5;18
Oslo - Blindern;SN18700;02.2019;0,5;-12,6;11,1;12
Bergen - Florida;SN50540;03.2019;4,6;-3,7;10,1;25
Oslo - Blindern;SN18700;03.2019;2,3;-8,6;15,5;12
Bergen - Florida;SN50540;04.2019;9,8;-0,9;21,7;2
Oslo - Blindern;SN18700;04.2019;8,7;-4,5;24,3;2
Bergen - Florida;SN50540;05.2019;9,4;0,6;24,3;15
Oslo - Blindern;SN18700;05.2019;10,4;-1,8;24,8;9
Bergen - Florida;SN50540;06.2019;14,1;7,4;28,1;17
Oslo - Blindern;SN18700;06.2019;15,4;6,8;28;13
Bergen - Florida;SN50540;07.2019;16,2;6,2;33,4;14
Oslo - Blindern;SN18700;07.2019;17,9;9,2;31,7;10
Bergen - Florida;SN50540;08.2019;16,4;8,5;27,8;21
Oslo - Blindern;SN18700;08.2019;16,8;8,5;27,6;14
Bergen - Florida;SN50540;09.2019;11,6;3,5;22,3;18
Oslo - Blindern;SN18700;09.2019;11,4;2,6;22,5;12
Bergen - Florida;SN50540;10.2019;8;0,8;15,3;20
Oslo - Blindern;SN18700;10.2019;5,4;-2,9;14,1;15
Bergen - Florida;SN50540;11.2019;3;-4,7;11,7;7
Oslo - Blindern;SN18700;11.2019;1;-7,2;6,9;16
Bergen - Florida;SN50540;12.2019;5;-2,2;14,2;24
Oslo - Blindern;SN18700;12.2019;0,4;-7,9;8,3;15
Bergen - Florida;SN50540;01.2020;5,5;-0,7;10,3;29
Oslo - Blindern;SN18700;01.2020;2,7;-5,7;9;10
Bergen - Florida;SN50540;02.2020;4;-1,7;9;26
Oslo - Blindern;SN18700;02.2020;1,9;-7,5;9,3;7
Bergen - Florida;SN50540;03.2020;4,7;-2,8;9,3;22
Oslo - Blindern;SN18700;03.2020;3;-6,4;12,2;9
Bergen - Florida;SN50540;04.2020;7,2;-1,5;20,4;13
Oslo - Blindern;SN18700;04.2020;7,3;-2,7;21,9;3
Bergen - Florida;SN50540;05.2020;9;0,6;24,5;18
Oslo - Blindern;SN18700;05.2020;10,2;-1,7;25,1;9
Bergen - Florida;SN50540;06.2020;17,5;6,2;30,3;8
Oslo - Blindern;SN18700;06.2020;18,8;8,6;30,9;7
Bergen - Florida;SN50540;07.2020;13,6;6,1;23,4;25
Oslo - Blindern;SN18700;07.2020;15,1;7,1;25,9;18
Bergen - Florida;SN50540;08.2020;16,4;7,2;29,4;16
Oslo - Blindern;SN18700;08.2020;17,2;5,4;28,7;8
Bergen - Florida;SN50540;09.2020;12,3;5,2;19,6;21
Oslo - Blindern;SN18700;09.2020;12,8;4,1;23,2;10
Bergen - Florida;SN50540;10.2020;9,9;1,3;21;15
Oslo - Blindern;SN18700;10.2020;8,1;-1,1;16,1;17
Bergen - Florida;SN50540;11.2020;7,9;0;15,2;23
Oslo - Blindern;SN18700;11.2020;5,2;-5,2;16,1;10
Bergen - Florida;SN50540;12.2020;5,2;-2,9;12,2;18
Oslo - Blindern;SN18700;12.2020;2,2;-3,4;7,7;22
Bergen - Florida;SN50540;01.2021;-0,8;-7,6;9,3;13
Oslo - Blindern;SN18700;01.2021;-4,7;-14,5;4,5;8
Bergen - Florida;SN50540;02.2021;0,6;-11,6;11,6;12
Oslo - Blindern;SN18700;02.2021;-3,2;-14,1;12,4;6
Bergen - Florida;SN50540;03.2021;4,9;-2,9;11,5;19
Oslo - Blindern;SN18700;03.2021;3,1;-5,5;18,6;5
Bergen - Florida;SN50540;04.2021;5,6;-2,8;19,1;11
Oslo - Blindern;SN18700;04.2021;5,7;-3,5;18,2;3
Bergen - Florida;SN50540;05.2021;11;1,1;21,6;10
Oslo - Blindern;SN18700;05.2021;10,6;0,3;26;15
Bergen - Florida;SN50540;06.2021;15,1;9,1;25,6;12
Oslo - Blindern;SN18700;06.2021;17,3;6,9;26;5
Bergen - Florida;SN50540;07.2021;17,2;9;28,8;14
Oslo - Blindern;SN18700;07.2021;19,9;11,5;30,2;11
Bergen - Florida;SN50540;08.2021;15,5;8,1;26;7
Oslo - Blindern;SN18700;08.2021;16,4;8,2;25,3;4
Bergen - Florida;SN50540;09.2021;14;6,5;22,4;12
Oslo - Blindern;SN18700;09.2021;13,2;5;26;7
Bergen - Florida;SN50540;10.2021;9,8;-0,3;16,4;29
Oslo - Blindern;SN18700;10.2021;8,7;-1,9;14,8;12
Bergen - Florida;SN50540;11.2021;6;-6,5;13,4;22
Oslo - Blindern;SN18700;11.2021;2,7;-8,8;15,1;8
Bergen - Florida;SN50540;12.2021;2,7;-5,5;9,8;11
Oslo - Blindern;SN18700;12.2021;-3;-12,3;8,2;10
Bergen - Florida;SN50540;01.2022;4,3;-2,7;9,9;24
Oslo - Blindern;SN18700;01.2022;-0,2;-9,6;12,4;4
Bergen - Florida;SN50540;02.2022;3,3;-2,3;8,9;25
Oslo - Blindern;SN18700;02.2022;0,3;-9,2;8,7;9
Bergen - Florida;SN50540;03.2022;6,3;-2,4;14,9;10
Oslo - Blindern;SN18700;03.2022;2,8;-6,7;15,3;1
Bergen - Florida;SN50540;04.2022;7,2;-2,8;20,6;8
Oslo - Blindern;SN18700;04.2022;6,4;-5,9;19,7;2
Bergen - Florida;SN50540;05.2022;10,3;1,5;22;17
Oslo - Blindern;SN18700;05.2022;11,4;1,7;19,5;10
Bergen - Florida;SN50540;06.2022;14,3;7,9;29,9;16
Oslo - Blindern;SN18700;06.2022;16,7;6,3;28,1;11
Bergen - Florida;SN50540;07.2022;14,2;7,5;28,7;19
Oslo - Blindern;SN18700;07.2022;17,5;7,2;27,7;8
Bergen - Florida;SN50540;08.2022;15,6;9;26,6;15
Oslo - Blindern;SN18700;08.2022;17,3;7,2;28,5;8
Bergen - Florida;SN50540;09.2022;12,9;4,1;23,5;9
Oslo - Blindern;SN18700;09.2022;12;2,8;21,5;7
Bergen - Florida;SN50540;10.2022;9,9;1,2;15,3;22
Oslo - Blindern;SN18700;10.2022;8;-0,4;17,1;15
Bergen - Florida;SN50540;11.2022;7,8;-4,2;16,7;15
Oslo - Blindern;SN18700;11.2022;4,8;-2,1;15,1;15
Bergen - Florida;SN50540;12.2022;0,7;-9;8,9;16
Oslo - Blindern;SN18700;12.2022;-3,6;-14,6;6,5;12
Bergen - Florida;SN50540;01.2023;3;-5,8;9,5;20
Oslo - Blindern;SN18700;01.2023;-1,1;-13,4;7,2;15
Bergen - Florida;SN50540;02.2023;4,5;-2,4;10;19
Oslo - Blindern;SN18700;02.2023;0,4;-9,4;10,2;6
Bergen - Florida;SN50540;03.2023;2,3;-9,7;13,1;17
Oslo - Blindern;SN18700;03.2023;-0,5;-12,6;9,8;12
Bergen - Florida;SN50540;04.2023;7,6;-1,5;19,3;7
Oslo - Blindern;SN18700;04.2023;6,1;-4,7;19,8;13
Bergen - Florida;SN50540;05.2023;9,7;1,3;19,7;15
Oslo - Blindern;SN18700;05.2023;11,9;-0,8;24,2;4
Bergen - Florida;SN50540;06.2023;16,2;6,8;27,3;4
Oslo - Blindern;SN18700;06.2023;19;4,6;31,8;5
Bergen - Florida;SN50540;07.2023;15,4;8,9;27,7;21
Oslo - Blindern;SN18700;07.2023;16,3;8,6;28,4;20
Bergen - Florida;SN50540;08.2023;15,3;8,3;25,9;18
Oslo - Blindern;SN18700;08.2023;16,2;9,8;24,5;20
Bergen - Florida;SN50540;09.2023;13,9;6,4;24,7;22
Oslo - Blindern;SN18700;09.2023;14,4;5,3;25,1;12
Bergen - Florida;SN50540;10.2023;7,4;-2;15,3;16
Oslo - Blindern;SN18700;10.2023;5,4;-2;17,1;7
Bergen - Florida;SN50540;11.2023;3,6;-4,8;13,4;8
Oslo - Blindern;SN18700;11.2023;-0,4;-10,4;6,5;11
Bergen - Florida;SN50540;12.2023;1,6;-6,5;10,9;17
Oslo - Blindern;SN18700;12.2023;-4,6;-15,1;9,1;10
Bergen - Florida;SN50540;01.2024;1;-9,3;9,3;17
Oslo - Blindern;SN18700;01.2024;-5,6;-23,1;8,7;11
Bergen - Florida;SN50540;02.2024;3;-7,7;9,3;23
Oslo - Blindern;SN18700;02.2024;-0,9;-15,2;10,9;11
Bergen - Florida;SN50540;03.2024;5,6;-2,7;13,3;16
Oslo - Blindern;SN18700;03.2024;2,7;-4,7;12,2;15
Bergen - Florida;SN50540;04.2024;7,3;-0,9;19,2;13
Oslo - Blindern;SN18700;04.2024;5,8;-3,6;19;12
Bergen - Florida;SN50540;05.2024;16;7,1;27,3;10
Oslo - Blindern;SN18700;05.2024;16,1;6;27,2;5
Bergen - Florida;SN50540;06.2024;13,3;5,8;28,1;19
Oslo - Blindern;SN18700;06.2024;15,2;4,4;28,3;16
Bergen - Florida;SN50540;07.2024;15,7;7,8;26,7;14
Oslo - Blindern;SN18700;07.2024;16,9;8,7;27;18
Bergen - Florida;SN50540;08.2024;15;8,3;23,2;26
Oslo - Blindern;SN18700;08.2024;16,2;7,2;24,9;13
Bergen - Florida;SN50540;09.2024;12,9;2,9;28,6;13
Oslo - Blindern;SN18700;09.2024;13,2;0,1;27,2;12
Bergen - Florida;SN50540;10.2024;10,2;2,1;19,3;18
Oslo - Blindern;SN18700;10.2024;8,3;-1;15,5;10
Bergen - Florida;SN50540;11.2024;5,8;-5,9;12,4;19
Oslo - Blindern;SN18700;11.2024;2,5;-9,2;14,9;3
Bergen - Florida;SN50540;12.2024;5;-2,3;11,5;25
Oslo - Blindern;SN18700;12.2024;1,1;-6,7;9,1;13
Bergen - Florida;SN50540;01.2025;2;-8,8;9,4;16
Oslo - Blindern;SN18700;01.2025;-1,6;-14,2;6,8;9
Bergen - Florida;SN50540;02.2025;3,1;-7,3;12,5;13
Oslo - Blindern;SN18700;02.2025;-1,2;-13,1;8,8;8
Bergen - Florida;SN50540;03.2025;5,3;-2,6;11,1;13
Oslo - Blindern;SN18700;03.2025;3;-7,2;16,7;1
Data er gyldig per 20.03.2025 (CC BY 4.0), Meteorologisk institutt (MET);;;;;;